{
  "D_0041c48b1d24b3a8": {
    "doctor_median_duration": 30.0,
    "doctor_pct_long": 0.15070643642072212,
    "case_count": 637
  },
  "D_00f14e0ae0d0c952": {
    "doctor_median_duration": 30.0,
    "doctor_pct_long": 0.11666666666666667,
    "case_count": 420
  },
  "D_01051706d2bef98f": {
    "doctor_median_duration": 30.0,
    "doctor_pct_long": 0.10727969348659004,
    "case_count": 261
  },
  "D_06e733323d14e308": {
    "doctor_median_duration": 30.0,
    "doctor_pct_long": 0.06554307116104868,
    "case_count": 1068
  },
  "D_0e2cf30d03f3f1ae": {
    "doctor_median_duration": 15.0,
    "doctor_pct_long": 0.03723404255319149,
    "case_count": 188
  },
  "D_0e4924f98b367135": {
    "doctor_median_duration": 15.0,
    "doctor_pct_long": 0.009596928982725527,
    "case_count": 521
  },
  "D_0efd4a4ba23741cd": {
    "doctor_median_duration": 30.0,
    "doctor_pct_long": 0.10263157894736842,
    "case_count": 760
  },
  "D_0f140054e6d94928": {
    "doctor_median_duration": 30.0,
    "doctor_pct_long": 0.10409556313993173,
    "case_count": 586
  },
  "D_110d851e64a913c9": {
    "doctor_median_duration": 30.0,
    "doctor_pct_long": 0.3519736842105263,
    "case_count": 304
  },
  "D_14248a992158d40b": {
    "doctor_median_duration": 30.0,
    "doctor_pct_long": 0.13178294573643412,
    "case_count": 129
  },
  "D_17904cd928b6a18b": {
    "doctor_median_duration": 30.0,
    "doctor_pct_long": 0.005917159763313609,
    "case_count": 507
  },
  "D_18f79399ddf488dc": {
    "doctor_median_duration": 30.0,
    "doctor_pct_long": 0.23255813953488372,
    "case_count": 301
  },
  "D_1990e1dd2f794c6c": {
    "doctor_median_duration": 30.0,
    "doctor_pct_long": 0.08428246013667426,
    "case_count": 439
  },
  "D_1b5bf505d816bd9d": {
    "doctor_median_duration": 15.0,
    "doctor_pct_long": 0.050473186119873815,
    "case_count": 317
  },
  "D_1d194aac050768c8": {
    "doctor_median_duration": 30.0,
    "doctor_pct_long": 0.0,
    "case_count": 217
  },
  "D_1e36ccd3931461cd": {
    "doctor_median_duration": 30.0,
    "doctor_pct_long": 0.0,
    "case_count": 781
  },
  "D_1fbc0afb83703376": {
    "doctor_median_duration": 30.0,
    "doctor_pct_long": 0.0,
    "case_count": 106
  },
  "D_1fc0c82142b90178": {
    "doctor_median_duration": 15.0,
    "doctor_pct_long": 0.015625,
    "case_count": 128
  },
  "D_20dd03c232f6d270": {
    "doctor_median_duration": 30.0,
    "doctor_pct_long": 0.037914691943127965,
    "case_count": 211
  },
  "D_267085241a521659": {
    "doctor_median_duration": 30.0,
    "doctor_pct_long": 0.125,
    "case_count": 256
  },
  "D_26de64fabc2dd349": {
    "doctor_median_duration": 30.0,
    "doctor_pct_long": 0.0,
    "case_count": 613
  },
  "D_27437333b808569c": {
    "doctor_median_duration": 30.0,
    "doctor_pct_long": 0.028400597907324365,
    "case_count": 669
  },
  "D_2d35803ec7f24baf": {
    "doctor_median_duration": 20.0,
    "doctor_pct_long": 0.01762114537444934,
    "case_count": 454
  },
  "D_2dac950e0016e136": {
    "doctor_median_duration": 30.0,
    "doctor_pct_long": 0.13562091503267973,
    "case_count": 612
  },
  "D_2de3528e67272e61": {
    "doctor_median_duration": 30.0,
    "doctor_pct_long": 0.0,
    "case_count": 265
  },
  "D_2eef89309f1d29f3": {
    "doctor_median_duration": 30.0,
    "doctor_pct_long": 0.16453201970443349,
    "case_count": 1015
  },
  "D_30456bdbb1bd3b50": {
    "doctor_median_duration": 30.0,
    "doctor_pct_long": 0.21981981981981982,
    "case_count": 555
  },
  "D_33c6eb403081e0ae": {
    "doctor_median_duration": 10.0,
    "doctor_pct_long": 0.04257425742574258,
    "case_count": 1010
  },
  "D_36ff7d336f68fea0": {
    "doctor_median_duration": 30.0,
    "doctor_pct_long": 0.066006600660066,
    "case_count": 303
  },
  "D_38cfe71f39dd9582": {
    "doctor_median_duration": 30.0,
    "doctor_pct_long": 0.003134796238244514,
    "case_count": 638
  },
  "D_39076fddb715eb7c": {
    "doctor_median_duration": 30.0,
    "doctor_pct_long": 0.09203980099502487,
    "case_count": 402
  },
  "D_392812be83da383f": {
    "doctor_median_duration": 30.0,
    "doctor_pct_long": 0.15668202764976957,
    "case_count": 217
  },
  "D_3a56c1e462ea78af": {
    "doctor_median_duration": 30.0,
    "doctor_pct_long": 0.14802631578947367,
    "case_count": 304
  },
  "D_3ccf638dc882eb03": {
    "doctor_median_duration": 30.0,
    "doctor_pct_long": 0.20425531914893616,
    "case_count": 235
  },
  "D_3db37dccd03db6b0": {
    "doctor_median_duration": 15.0,
    "doctor_pct_long": 0.08390022675736962,
    "case_count": 441
  },
  "D_3db795cd1e9c30aa": {
    "doctor_median_duration": 30.0,
    "doctor_pct_long": 0.03917050691244239,
    "case_count": 434
  },
  "D_455c492125adb639": {
    "doctor_median_duration": 30.0,
    "doctor_pct_long": 0.1865671641791045,
    "case_count": 134
  },
  "D_459a29eb732fd957": {
    "doctor_median_duration": 15.0,
    "doctor_pct_long": 0.04081632653061224,
    "case_count": 686
  },
  "D_47e0865a3a07f8c9": {
    "doctor_median_duration": 30.0,
    "doctor_pct_long": 0.07058823529411765,
    "case_count": 255
  },
  "D_4983867e65e32498": {
    "doctor_median_duration": 30.0,
    "doctor_pct_long": 0.005405405405405406,
    "case_count": 185
  },
  "D_4d081894410e69dd": {
    "doctor_median_duration": 15.0,
    "doctor_pct_long": 0.024727272727272726,
    "case_count": 1375
  },
  "D_4e136330a1a65ae6": {
    "doctor_median_duration": 15.0,
    "doctor_pct_long": 0.06607275426874536,
    "case_count": 1347
  },
  "D_500ff2c0df0520bf": {
    "doctor_median_duration": 30.0,
    "doctor_pct_long": 0.038288288288288286,
    "case_count": 444
  },
  "D_50deaf5de7ae5e01": {
    "doctor_median_duration": 30.0,
    "doctor_pct_long": 0.0,
    "case_count": 979
  },
  "D_5530cd14b12a8bd8": {
    "doctor_median_duration": 30.0,
    "doctor_pct_long": 0.13364928909952606,
    "case_count": 1055
  },
  "D_553d7921a725bd57": {
    "doctor_median_duration": 30.0,
    "doctor_pct_long": 0.07368421052631578,
    "case_count": 95
  },
  "D_57015353163d3450": {
    "doctor_median_duration": 30.0,
    "doctor_pct_long": 0.1484375,
    "case_count": 512
  },
  "D_579b0fe861413cbe": {
    "doctor_median_duration": 30.0,
    "doctor_pct_long": 0.0,
    "case_count": 40
  },
  "D_57b88f123676b5dc": {
    "doctor_median_duration": 30.0,
    "doctor_pct_long": 0.18181818181818182,
    "case_count": 418
  },
  "D_5c617b77a6d74a53": {
    "doctor_median_duration": 30.0,
    "doctor_pct_long": 0.000741839762611276,
    "case_count": 2696
  },
  "D_5e79bc16b9835f8c": {
    "doctor_median_duration": 15.0,
    "doctor_pct_long": 0.08651911468812877,
    "case_count": 497
  },
  "D_69f38526ef02190c": {
    "doctor_median_duration": 22.5,
    "doctor_pct_long": 0.017094017094017096,
    "case_count": 234
  },
  "D_6af69a73ea8dec7e": {
    "doctor_median_duration": 30.0,
    "doctor_pct_long": 0.0,
    "case_count": 470
  },
  "D_7779c702c27da094": {
    "doctor_median_duration": 30.0,
    "doctor_pct_long": 0.23149394347240915,
    "case_count": 743
  },
  "D_77f7870df14a20f5": {
    "doctor_median_duration": 15.0,
    "doctor_pct_long": 0.032148900169204735,
    "case_count": 1182
  },
  "D_78033b4afba85b9d": {
    "doctor_median_duration": 30.0,
    "doctor_pct_long": 0.16981132075471697,
    "case_count": 265
  },
  "D_78728fb63f677658": {
    "doctor_median_duration": 30.0,
    "doctor_pct_long": 0.19083969465648856,
    "case_count": 1179
  },
  "D_78b003c2efd48c24": {
    "doctor_median_duration": 30.0,
    "doctor_pct_long": 0.0,
    "case_count": 231
  },
  "D_792a0342c20a5fb5": {
    "doctor_median_duration": 15.0,
    "doctor_pct_long": 0.0,
    "case_count": 79
  },
  "D_7b57664058b93a6f": {
    "doctor_median_duration": 30.0,
    "doctor_pct_long": 0.2903225806451613,
    "case_count": 93
  },
  "D_7cd8d8092e9e6aa8": {
    "doctor_median_duration": 30.0,
    "doctor_pct_long": 0.1956521739130435,
    "case_count": 368
  },
  "D_7fa261ae9b04d375": {
    "doctor_median_duration": 30.0,