{
  "feature_psi": {
    "treatment_class": 3.4953871636548066,
    "composite_treatment_flag": 0.2949726350371518,
    "has_tooth_no": 10.39775983516138,
    "tooth_count": 2.6728203694411,
    "is_area_treatment": 0.32286606118396177,
    "surface_count": 9.768676631496113,
    "total_amount": 9.547902794680356,
    "has_notes": 1.0560296123105328,
    "appt_day_of_week": 5.986329974031569,
    "appt_hour_bucket": 13.08195261395665,
    "is_first_case": 0.3320822229504347,
    "has_dentist_id": 0.9477412658534721,
    "appointment_rank_in_day": 4.974971053860303,
    "clinic_median_duration": 4.535323109434887,
    "clinic_pct_long": 11.517405194947942,
    "doctor_median_duration": 0.7502881270192793,
    "doctor_pct_long": 2.1100837143310747
  },
  "prediction_ratio": {
    "15": 0.01867572156196944,
    "30": 0.06281833616298811,
    "60": 0.001697792869269949,
    "105": 0.9168081494057725
  },
  "input_missing_rate": 0.38122866894197954,
  "treatment_unknown_rate": 0.008532423208191127,
  "treatment_unknown_rate_baseline": 0.1446605254179461,
  "appt_hour_bucket_sentinel_rate": 0.0,
  "appt_hour_bucket_sentinel_rate_baseline": 0.10691518971430623,
  "macro_f1": 0.35102040816326535,
  "mae_minutes": 44.653357531760435,
  "under_estimation_rate": 0.2177858439201452
}