{
  "feature_psi": {
    "treatment_class": 4.920469295862043,
    "composite_treatment_flag": 0.06830136361714007,
    "has_tooth_no": 10.39775983516138,
    "tooth_count": 12.810405162786331,
    "is_area_treatment": 1.4691007098543662,
    "surface_count": 0.616947499100291,
    "total_amount": 13.40453116288877,
    "has_notes": 0.04172088805702653,
    "appt_day_of_week": 8.812167952799737,
    "appt_hour_bucket": 6.216717713328249,
    "is_first_case": 0.3320822229504347,
    "has_dentist_id": 7.261768771657267,
    "appointment_rank_in_day": 4.974971053860303,
    "clinic_median_duration": 4.535323109434887,
    "clinic_pct_long": 12.443981642430938,
    "doctor_median_duration": 0.4110484184239057,
    "doctor_pct_long": 4.396317992832204
  },
  "prediction_ratio": {
    "15": 0.2391304347826087,
    "30": 0.7391304347826086,
    "60": 0.021739130434782608
  },
  "input_missing_rate": 0.15348837209302327,
  "treatment_unknown_rate": 0.0,
  "treatment_unknown_rate_baseline": 0.1446605254179461,
  "appt_hour_bucket_sentinel_rate": 0.0,
  "appt_hour_bucket_sentinel_rate_baseline": 0.10691518971430623,
  "macro_f1": 0.5,
  "mae_minutes": 0.3076923076923077,
  "under_estimation_rate": 0.0
}