{
  "feature_psi": {
    "treatment_class": 4.6575647789206025,
    "composite_treatment_flag": 0.06830136361714007,
    "has_tooth_no": 10.39775983516138,
    "tooth_count": 3.6219189418348465,
    "is_area_treatment": 0.08233537772019894,
    "surface_count": 0.616947499100291,
    "total_amount": 11.03139117387325,
    "has_notes": 0.10183134877345335,
    "appt_day_of_week": 7.293904767183501,
    "appt_hour_bucket": 6.199452420726382,
    "is_first_case": 0.3320822229504347,
    "has_dentist_id": 7.261768771657267,
    "appointment_rank_in_day": 4.974971053860303,
    "clinic_median_duration": 4.535323109434887,
    "clinic_pct_long": 11.218734335870973,
    "doctor_median_duration": 0.4110484184239057,
    "doctor_pct_long": 4.396317992832204
  },
  "prediction_ratio": {
    "15": 0.2391304347826087,
    "30": 0.7391304347826086,
    "60": 0.021739130434782608
  },
  "input_missing_rate": 0.16279069767441862,
  "treatment_unknown_rate": 0.046511627906976744,
  "treatment_unknown_rate_baseline": 0.1446605254179461,
  "appt_hour_bucket_sentinel_rate": 0.0,
  "appt_hour_bucket_sentinel_rate_baseline": 0.10691518971430623,
  "macro_f1": 0.5,
  "mae_minutes": 0.36363636363636365,
  "under_estimation_rate": 0.0
}